<?xml version="1.0" encoding="UTF-8"?>
<configuration>

    <include resource="org/springframework/boot/logging/logback/base.xml"/>

    <property name="LOG_FILE" value="/var/log/bvm/api.log"/>

    <appender name="console"
              class="ch.qos.logback.core.rolling.RollingFileAppender">
        <encoder>
            <pattern>%d %p %c{1.} [%t] %m%n</pattern>
        </encoder>
        <file>${LOG_FILE}</file>
        <rollingPolicy class="ch.qos.logback.core.rolling.FixedWindowRollingPolicy">
            <fileNamePattern>${LOG_FILE}.%i</fileNamePattern>
            <minIndex>1</minIndex>
            <maxIndex>10</maxIndex>
        </rollingPolicy>
        <triggeringPolicy
                class="ch.qos.logback.core.rolling.SizeBasedTriggeringPolicy">
            <MaxFileSize>10MB</MaxFileSize>
        </triggeringPolicy>
    </appender>

    <logger name="com.brocade" level="debug" additivity="false">
        <appender-ref ref="console"/>
    </logger>

    <logger name="org.flyway" level="debug" additivity="false">
        <appender-ref ref="console"/>
    </logger>

    <root level="info">
        <appender-ref ref="console" />
    </root>

</configuration>